student_id,course_id,course_code
480,0,CS101
334,0,CS101
29,0,CS101
447,0,CS101
173,0,CS101
259,0,CS101
322,0,CS101
87,0,CS101
32,0,CS101
481,0,CS101
294,0,CS101
366,0,CS101
180,0,CS101
448,0,CS101
464,0,CS101
268,0,CS101
300,0,CS101
184,0,CS101
80,0,CS101
350,0,CS101
27,0,CS101
479,0,CS101
353,0,CS101
111,0,CS101
212,0,CS101
21,0,CS101
5,0,CS101
153,0,CS101
335,0,CS101
271,0,CS101
146,0,CS101
129,0,CS101
441,0,CS101
427,0,CS101
89,0,CS101
307,0,CS101
349,0,CS101
281,0,CS101
140,0,CS101
429,0,CS101
360,0,CS101
59,0,CS101
345,0,CS101
43,0,CS101
147,0,CS101
22,0,CS101
107,0,CS101
385,0,CS101
102,0,CS101
272,0,CS101
397,0,CS101
391,0,CS101
125,0,CS101
376,0,CS101
85,0,CS101
275,0,CS101
470,0,CS101
357,0,CS101
440,0,CS101
367,0,CS101
4,0,CS101
339,0,CS101
18,0,CS101
138,0,CS101
306,0,CS101
265,0,CS101
317,0,CS101
370,0,CS101
314,0,CS101
150,0,CS101
54,0,CS101
375,0,CS101
135,0,CS101
183,0,CS101
428,0,CS101
23,0,CS101
498,0,CS101
116,0,CS101
214,0,CS101
387,0,CS101
270,0,CS101
171,0,CS101
253,0,CS101
355,0,CS101
386,0,CS101
69,0,CS101
467,0,CS101
49,0,CS101
0,0,CS101
187,0,CS101
293,0,CS101
166,0,CS101
400,0,CS101
92,0,CS101
176,0,CS101
343,0,CS101
181,0,CS101
194,0,CS101
487,0,CS101
210,0,CS101
354,0,CS101
88,0,CS101
47,0,CS101
68,0,CS101
25,0,CS101
141,0,CS101
211,0,CS101
338,0,CS101
283,0,CS101
266,0,CS101
419,0,CS101
248,0,CS101
495,0,CS101
437,0,CS101
412,0,CS101
34,0,CS101
471,0,CS101
393,0,CS101
449,0,CS101
426,0,CS101
103,0,CS101
269,0,CS101
287,0,CS101
246,0,CS101
418,0,CS101
382,0,CS101
191,0,CS101
398,0,CS101
188,0,CS101
75,0,CS101
197,0,CS101
439,0,CS101
279,0,CS101
209,0,CS101
491,0,CS101
82,0,CS101
416,0,CS101
227,0,CS101
273,0,CS101
137,0,CS101
244,1,CS102
476,1,CS102
358,1,CS102
452,1,CS102
233,1,CS102
255,1,CS102
270,1,CS102
250,1,CS102
241,1,CS102
383,1,CS102
445,1,CS102
274,1,CS102
247,1,CS102
45,1,CS102
107,1,CS102
192,1,CS102
372,1,CS102
218,1,CS102
239,1,CS102
496,1,CS102
167,1,CS102
311,1,CS102
359,1,CS102
69,1,CS102
133,1,CS102
234,1,CS102
344,1,CS102
57,1,CS102
181,1,CS102
259,1,CS102
297,1,CS102
312,1,CS102
425,1,CS102
41,1,CS102
112,1,CS102
315,1,CS102
300,1,CS102
444,1,CS102
186,1,CS102
19,1,CS102
374,1,CS102
447,1,CS102
302,1,CS102
235,1,CS102
224,1,CS102
464,1,CS102
306,1,CS102
322,1,CS102
345,1,CS102
301,1,CS102
89,1,CS102
273,1,CS102
109,1,CS102
408,1,CS102
296,1,CS102
140,1,CS102
148,1,CS102
56,1,CS102
269,1,CS102
209,1,CS102
85,1,CS102
393,1,CS102
28,1,CS102
208,1,CS102
147,1,CS102
317,1,CS102
490,1,CS102
217,1,CS102
131,1,CS102
92,1,CS102
428,2,CS201
298,2,CS201
16,2,CS201
286,2,CS201
68,2,CS201
302,2,CS201
370,2,CS201
432,2,CS201
3,2,CS201
415,2,CS201
66,2,CS201
235,2,CS201
63,2,CS201
98,2,CS201
228,2,CS201
110,2,CS201
256,2,CS201
422,2,CS201
247,2,CS201
340,2,CS201
150,2,CS201
153,2,CS201
111,2,CS201
155,2,CS201
124,2,CS201
275,2,CS201
184,2,CS201
240,2,CS201
96,2,CS201
49,2,CS201
445,2,CS201
343,2,CS201
315,2,CS201
39,2,CS201
121,2,CS201
126,2,CS201
221,2,CS201
435,2,CS201
85,2,CS201
465,2,CS201
67,3,CS202
89,3,CS202
275,3,CS202
431,3,CS202
165,3,CS202
464,3,CS202
289,3,CS202
384,3,CS202
201,3,CS202
221,3,CS202
38,3,CS202
349,3,CS202
174,3,CS202
290,3,CS202
209,3,CS202
213,3,CS202
98,3,CS202
410,3,CS202
340,3,CS202
91,3,CS202
131,3,CS202
194,3,CS202
112,3,CS202
231,3,CS202
240,3,CS202
227,3,CS202
395,3,CS202
181,3,CS202
173,3,CS202
210,3,CS202
284,3,CS202
326,3,CS202
219,3,CS202
438,3,CS202
249,3,CS202
312,3,CS202
402,3,CS202
367,3,CS202
135,3,CS202
305,3,CS202
408,3,CS202
102,3,CS202
298,3,CS202
69,4,CS301
373,4,CS301
372,4,CS301
147,4,CS301
299,4,CS301
419,4,CS301
205,4,CS301
169,4,CS301
96,4,CS301
235,4,CS301
273,4,CS301
471,4,CS301
366,4,CS301
180,4,CS301
413,4,CS301
203,4,CS301
58,4,CS301
486,4,CS301
398,4,CS301
368,4,CS301
318,4,CS301
160,4,CS301
16,4,CS301
416,4,CS301
151,4,CS301
240,4,CS301
407,4,CS301
12,4,CS301
137,4,CS301
190,4,CS301
208,4,CS301
467,4,CS301
260,4,CS301
349,4,CS301
60,4,CS301
371,4,CS301
283,4,CS301
484,4,CS301
224,4,CS301
354,4,CS301
336,4,CS301
306,4,CS301
206,4,CS301
138,4,CS301
275,4,CS301
28,4,CS301
309,4,CS301
106,4,CS301
27,4,CS301
123,4,CS301
487,4,CS301
289,4,CS301
272,4,CS301
301,4,CS301
432,4,CS301
135,4,CS301
342,4,CS301
18,4,CS301
290,4,CS301
399,4,CS301
445,4,CS301
333,5,MATH101
456,5,MATH101
189,5,MATH101
393,5,MATH101
303,5,MATH101
115,5,MATH101
57,5,MATH101
459,5,MATH101
223,5,MATH101
212,5,MATH101
118,5,MATH101
487,5,MATH101
369,5,MATH101
24,5,MATH101
290,5,MATH101
216,5,MATH101
55,5,MATH101
143,5,MATH101
304,5,MATH101
32,5,MATH101
238,5,MATH101
83,5,MATH101
454,5,MATH101
49,5,MATH101
457,5,MATH101
263,5,MATH101
183,5,MATH101
397,5,MATH101
221,5,MATH101
205,5,MATH101
245,5,MATH101
5,5,MATH101
371,5,MATH101
465,5,MATH101
25,5,MATH101
291,5,MATH101
69,5,MATH101
166,5,MATH101
61,5,MATH101
188,5,MATH101
363,5,MATH101
394,5,MATH101
437,5,MATH101
88,5,MATH101
310,5,MATH101
64,5,MATH101
408,5,MATH101
102,5,MATH101
19,5,MATH101
334,5,MATH101
384,5,MATH101
52,5,MATH101
451,5,MATH101
433,5,MATH101
3,5,MATH101
29,5,MATH101
157,5,MATH101
53,5,MATH101
173,5,MATH101
165,5,MATH101
45,5,MATH101
280,5,MATH101
445,5,MATH101
450,5,MATH101
203,5,MATH101
9,5,MATH101
345,5,MATH101
117,5,MATH101
471,5,MATH101
35,5,MATH101
447,5,MATH101
241,5,MATH101
317,5,MATH101
323,5,MATH101
275,5,MATH101
486,5,MATH101
268,5,MATH101
169,5,MATH101
356,5,MATH101
224,5,MATH101
99,5,MATH101
201,5,MATH101
417,5,MATH101
494,5,MATH101
370,5,MATH101
448,5,MATH101
308,5,MATH101
90,5,MATH101
209,5,MATH101
428,5,MATH101
214,5,MATH101
66,5,MATH101
14,5,MATH101
46,5,MATH101
478,5,MATH101
171,5,MATH101
130,5,MATH101
158,5,MATH101
499,5,MATH101
441,5,MATH101
335,5,MATH101
277,5,MATH101
112,5,MATH101
343,5,MATH101
36,5,MATH101
314,5,MATH101
160,5,MATH101
387,5,MATH101
74,5,MATH101
243,5,MATH101
349,5,MATH101
233,5,MATH101
431,5,MATH101
421,5,MATH101
91,5,MATH101
146,5,MATH101
228,5,MATH101
126,5,MATH101
262,5,MATH101
324,5,MATH101
354,5,MATH101
163,5,MATH101
309,5,MATH101
493,5,MATH101
162,5,MATH101
149,5,MATH101
139,5,MATH101
217,5,MATH101
42,5,MATH101
137,5,MATH101
444,5,MATH101
466,6,MATH102
325,6,MATH102
33,6,MATH102
69,6,MATH102
169,6,MATH102
322,6,MATH102
53,6,MATH102
95,6,MATH102
380,6,MATH102
300,6,MATH102
282,6,MATH102
239,6,MATH102
315,6,MATH102
215,6,MATH102
437,6,MATH102
257,6,MATH102
259,6,MATH102
318,6,MATH102
54,6,MATH102
302,6,MATH102
196,6,MATH102
385,6,MATH102
138,6,MATH102
244,6,MATH102
163,6,MATH102
349,6,MATH102
124,6,MATH102
492,6,MATH102
308,6,MATH102
61,6,MATH102
406,6,MATH102
111,6,MATH102
109,6,MATH102
227,6,MATH102
187,6,MATH102
394,6,MATH102
216,6,MATH102
311,6,MATH102
488,7,PHYS101
435,7,PHYS101
44,7,PHYS101
58,7,PHYS101
119,7,PHYS101
45,7,PHYS101
39,7,PHYS101
273,7,PHYS101
33,7,PHYS101
287,7,PHYS101
9,7,PHYS101
277,7,PHYS101
90,7,PHYS101
336,7,PHYS101
459,7,PHYS101
341,7,PHYS101
98,7,PHYS101
7,7,PHYS101
421,7,PHYS101
134,7,PHYS101
182,7,PHYS101
279,7,PHYS101
355,7,PHYS101
312,7,PHYS101
1,7,PHYS101
157,7,PHYS101
407,8,CHEM101
33,8,CHEM101
3,8,CHEM101
1,8,CHEM101
471,8,CHEM101
243,8,CHEM101
89,8,CHEM101
123,8,CHEM101
103,8,CHEM101
119,8,CHEM101
312,8,CHEM101
413,8,CHEM101
345,8,CHEM101
73,8,CHEM101
393,8,CHEM101
167,8,CHEM101
369,8,CHEM101
363,8,CHEM101
235,8,CHEM101
316,8,CHEM101
419,8,CHEM101
121,8,CHEM101
420,8,CHEM101
284,8,CHEM101
129,8,CHEM101
394,8,CHEM101
239,8,CHEM101
308,8,CHEM101
97,8,CHEM101
217,8,CHEM101
228,8,CHEM101
67,8,CHEM101
233,8,CHEM101
61,8,CHEM101
331,8,CHEM101
192,8,CHEM101
359,8,CHEM101
382,8,CHEM101
53,8,CHEM101
347,8,CHEM101
238,8,CHEM101
397,8,CHEM101
398,8,CHEM101
320,8,CHEM101
30,8,CHEM101
459,8,CHEM101
302,8,CHEM101
315,8,CHEM101
22,8,CHEM101
424,8,CHEM101
141,8,CHEM101
165,8,CHEM101
122,8,CHEM101
269,8,CHEM101
319,8,CHEM101
237,8,CHEM101
371,8,CHEM101
241,8,CHEM101
117,8,CHEM101
318,8,CHEM101
195,8,CHEM101
286,8,CHEM101
6,8,CHEM101
75,8,CHEM101
188,8,CHEM101
131,8,CHEM101
48,8,CHEM101
70,8,CHEM101
447,8,CHEM101
370,8,CHEM101
80,8,CHEM101
145,8,CHEM101
256,9,BIO101
383,9,BIO101
212,9,BIO101
75,9,BIO101
134,9,BIO101
472,9,BIO101
369,9,BIO101
111,9,BIO101
268,9,BIO101
92,9,BIO101
196,9,BIO101
303,9,BIO101
230,9,BIO101
202,9,BIO101
46,9,BIO101
263,9,BIO101
269,9,BIO101
137,9,BIO101
158,9,BIO101
478,9,BIO101
108,9,BIO101
170,9,BIO101
103,9,BIO101
442,9,BIO101
467,9,BIO101
486,9,BIO101
40,9,BIO101
144,9,BIO101
206,9,BIO101
174,9,BIO101
96,9,BIO101
413,9,BIO101
389,9,BIO101
121,9,BIO101
310,9,BIO101
299,9,BIO101
292,9,BIO101
226,9,BIO101
143,9,BIO101
28,9,BIO101
290,9,BIO101
364,10,ECO101
269,10,ECO101
54,10,ECO101
79,10,ECO101
284,10,ECO101
308,10,ECO101
80,10,ECO101
373,10,ECO101
135,10,ECO101
313,10,ECO101
175,10,ECO101
486,10,ECO101
412,10,ECO101
326,10,ECO101
226,10,ECO101
115,10,ECO101
244,10,ECO101
85,10,ECO101
2,10,ECO101
24,10,ECO101
362,10,ECO101
249,10,ECO101
378,10,ECO101
289,10,ECO101
248,10,ECO101
196,10,ECO101
35,10,ECO101
129,10,ECO101
432,10,ECO101
199,10,ECO101
379,10,ECO101
370,10,ECO101
251,10,ECO101
400,10,ECO101
342,10,ECO101
434,10,ECO101
479,10,ECO101
439,10,ECO101
429,10,ECO101
374,10,ECO101
239,10,ECO101
447,10,ECO101
346,10,ECO101
287,10,ECO101
265,10,ECO101
214,10,ECO101
306,10,ECO101
376,10,ECO101
72,10,ECO101
470,10,ECO101
66,10,ECO101
366,10,ECO101
493,10,ECO101
292,10,ECO101
27,10,ECO101
355,10,ECO101
322,10,ECO101
233,10,ECO101
30,10,ECO101
286,10,ECO101
102,10,ECO101
263,10,ECO101
146,10,ECO101
271,10,ECO101
267,10,ECO101
237,10,ECO101
90,10,ECO101
468,10,ECO101
83,10,ECO101
406,10,ECO101
134,10,ECO101
476,10,ECO101
109,10,ECO101
264,10,ECO101
106,10,ECO101
64,10,ECO101
62,10,ECO101
419,10,ECO101
6,10,ECO101
38,10,ECO101
88,10,ECO101
143,10,ECO101
250,10,ECO101
341,10,ECO101
304,10,ECO101
220,10,ECO101
367,10,ECO101
51,10,ECO101
336,10,ECO101
14,10,ECO101
39,10,ECO101
113,10,ECO101
89,10,ECO101
57,10,ECO101
280,10,ECO101
279,10,ECO101
114,10,ECO101
305,10,ECO101
198,10,ECO101
453,10,ECO101
179,10,ECO101
473,10,ECO101
182,10,ECO101
185,10,ECO101
488,10,ECO101
222,10,ECO101
421,10,ECO101
484,10,ECO101
225,10,ECO101
44,10,ECO101
451,10,ECO101
32,10,ECO101
94,10,ECO101
160,10,ECO101
295,10,ECO101
203,10,ECO101
168,10,ECO101
413,10,ECO101
386,10,ECO101
76,10,ECO101
285,10,ECO101
274,10,ECO101
487,10,ECO101
171,11,HIST101
174,11,HIST101
493,11,HIST101
213,11,HIST101
1,11,HIST101
200,11,HIST101
94,11,HIST101
117,11,HIST101
221,11,HIST101
492,11,HIST101
14,11,HIST101
251,11,HIST101
86,11,HIST101
78,11,HIST101
358,11,HIST101
356,11,HIST101
373,11,HIST101
399,11,HIST101
263,11,HIST101
85,11,HIST101
295,11,HIST101
192,11,HIST101
92,11,HIST101
278,11,HIST101
345,11,HIST101
29,11,HIST101
317,11,HIST101
255,11,HIST101
30,11,HIST101
470,11,HIST101
44,11,HIST101
392,11,HIST101
169,11,HIST101
479,11,HIST101
129,11,HIST101
429,11,HIST101
459,11,HIST101
282,11,HIST101
433,11,HIST101
480,11,HIST101
331,11,HIST101
196,11,HIST101
172,11,HIST101
269,12,ENG101
302,12,ENG101
375,12,ENG101
344,12,ENG101
475,12,ENG101
89,12,ENG101
419,12,ENG101
134,12,ENG101
252,12,ENG101
73,12,ENG101
160,12,ENG101
75,12,ENG101
483,12,ENG101
151,12,ENG101
0,12,ENG101
469,12,ENG101
156,12,ENG101
466,12,ENG101
402,12,ENG101
28,12,ENG101
115,12,ENG101
64,12,ENG101
275,12,ENG101
282,12,ENG101
273,12,ENG101
442,12,ENG101
33,12,ENG101
401,12,ENG101
135,12,ENG101
443,12,ENG101
186,12,ENG101
203,12,ENG101
243,12,ENG101
381,12,ENG101
208,12,ENG101
177,12,ENG101
5,12,ENG101
476,12,ENG101
16,13,ENG102
167,13,ENG102
60,13,ENG102
61,13,ENG102
124,13,ENG102
97,13,ENG102
363,13,ENG102
486,13,ENG102
196,13,ENG102
217,13,ENG102
391,13,ENG102
184,13,ENG102
159,13,ENG102
248,13,ENG102
170,13,ENG102
225,13,ENG102
158,13,ENG102
277,13,ENG102
150,13,ENG102
438,13,ENG102
50,13,ENG102
261,13,ENG102
272,13,ENG102
65,13,ENG102
178,13,ENG102
45,13,ENG102
273,13,ENG102
347,13,ENG102
17,13,ENG102
309,13,ENG102
212,13,ENG102
4,13,ENG102
321,13,ENG102
269,13,ENG102
376,13,ENG102
239,13,ENG102
485,13,ENG102
54,13,ENG102
352,13,ENG102
57,13,ENG102
496,13,ENG102
358,13,ENG102
415,13,ENG102
425,13,ENG102
211,13,ENG102
144,13,ENG102
377,13,ENG102
77,13,ENG102
497,13,ENG102
285,13,ENG102
466,13,ENG102
152,13,ENG102
282,13,ENG102
301,14,PSYCH101
342,14,PSYCH101
348,14,PSYCH101
231,14,PSYCH101
12,14,PSYCH101
11,14,PSYCH101
289,14,PSYCH101
244,14,PSYCH101
407,14,PSYCH101
256,14,PSYCH101
221,14,PSYCH101
258,14,PSYCH101
370,14,PSYCH101
153,14,PSYCH101
70,14,PSYCH101
177,14,PSYCH101
331,14,PSYCH101
260,14,PSYCH101
255,14,PSYCH101
128,14,PSYCH101
390,14,PSYCH101
1,14,PSYCH101
31,14,PSYCH101
308,14,PSYCH101
455,14,PSYCH101
175,14,PSYCH101
375,14,PSYCH101
399,14,PSYCH101
109,14,PSYCH101
327,14,PSYCH101
223,14,PSYCH101
353,14,PSYCH101
484,14,PSYCH101
485,14,PSYCH101
59,14,PSYCH101
242,14,PSYCH101
274,14,PSYCH101
290,14,PSYCH101
238,14,PSYCH101
139,14,PSYCH101
318,14,PSYCH101
486,14,PSYCH101
270,14,PSYCH101
40,14,PSYCH101
271,14,PSYCH101
288,14,PSYCH101
33,14,PSYCH101
413,14,PSYCH101
20,14,PSYCH101
269,14,PSYCH101
373,14,PSYCH101
439,14,PSYCH101
51,14,PSYCH101
422,14,PSYCH101
488,14,PSYCH101
338,14,PSYCH101
432,14,PSYCH101
246,14,PSYCH101
310,14,PSYCH101
360,14,PSYCH101
147,14,PSYCH101
56,14,PSYCH101
80,14,PSYCH101
106,14,PSYCH101
174,14,PSYCH101
393,14,PSYCH101
421,14,PSYCH101
158,14,PSYCH101
181,14,PSYCH101
167,14,PSYCH101
209,14,PSYCH101
470,14,PSYCH101
380,14,PSYCH101
100,14,PSYCH101
195,14,PSYCH101
341,14,PSYCH101
309,14,PSYCH101
65,14,PSYCH101
39,14,PSYCH101
259,15,COURSE015
408,15,COURSE015
308,15,COURSE015
461,15,COURSE015
282,15,COURSE015
7,15,COURSE015
328,15,COURSE015
267,15,COURSE015
140,15,COURSE015
442,15,COURSE015
56,15,COURSE015
174,15,COURSE015
422,15,COURSE015
242,15,COURSE015
152,15,COURSE015
41,15,COURSE015
33,15,COURSE015
284,15,COURSE015
169,15,COURSE015
391,15,COURSE015
179,15,COURSE015
131,15,COURSE015
452,15,COURSE015
187,15,COURSE015
372,15,COURSE015
277,15,COURSE015
448,15,COURSE015
479,15,COURSE015
210,15,COURSE015
212,15,COURSE015
26,15,COURSE015
493,15,COURSE015
5,15,COURSE015
180,15,COURSE015
246,15,COURSE015
175,15,COURSE015
155,15,COURSE015
97,15,COURSE015
96,15,COURSE015
99,15,COURSE015
211,15,COURSE015
49,15,COURSE015
35,15,COURSE015
29,15,COURSE015
414,15,COURSE015
240,15,COURSE015
115,15,COURSE015
390,15,COURSE015
102,15,COURSE015
280,15,COURSE015
309,15,COURSE015
91,15,COURSE015
67,15,COURSE015
159,15,COURSE015
147,15,COURSE015
458,15,COURSE015
17,15,COURSE015
228,15,COURSE015
285,15,COURSE015
98,15,COURSE015
331,15,COURSE015
444,15,COURSE015
316,15,COURSE015
443,15,COURSE015
181,15,COURSE015
290,15,COURSE015
297,15,COURSE015
145,15,COURSE015
256,15,COURSE015
138,15,COURSE015
203,15,COURSE015
499,15,COURSE015
52,15,COURSE015
298,15,COURSE015
335,15,COURSE015
447,15,COURSE015
405,15,COURSE015
365,15,COURSE015
249,15,COURSE015
201,15,COURSE015
255,15,COURSE015
236,15,COURSE015
0,15,COURSE015
235,15,COURSE015
162,15,COURSE015
355,15,COURSE015
395,15,COURSE015
384,15,COURSE015
490,15,COURSE015
350,15,COURSE015
462,15,COURSE015
378,15,COURSE015
468,15,COURSE015
464,15,COURSE015
370,15,COURSE015
362,15,COURSE015
419,15,COURSE015
137,15,COURSE015
126,15,COURSE015
495,15,COURSE015
107,15,COURSE015
136,15,COURSE015
222,15,COURSE015
1,15,COURSE015
168,15,COURSE015
301,15,COURSE015
239,15,COURSE015
481,15,COURSE015
467,15,COURSE015
264,15,COURSE015
315,15,COURSE015
368,15,COURSE015
450,15,COURSE015
68,15,COURSE015
287,15,COURSE015
130,15,COURSE015
369,15,COURSE015
191,15,COURSE015
87,15,COURSE015
53,15,COURSE015
134,15,COURSE015
403,15,COURSE015
124,15,COURSE015
156,15,COURSE015
199,15,COURSE015
11,15,COURSE015
186,15,COURSE015
266,15,COURSE015
312,15,COURSE015
413,15,COURSE015
189,15,COURSE015
106,15,COURSE015
3,15,COURSE015
307,15,COURSE015
113,15,COURSE015
275,15,COURSE015
377,15,COURSE015
319,15,COURSE015
388,15,COURSE015
61,15,COURSE015
144,15,COURSE015
83,15,COURSE015
90,15,COURSE015
314,15,COURSE015
244,15,COURSE015
65,15,COURSE015
145,16,COURSE016
64,16,COURSE016
16,16,COURSE016
50,16,COURSE016
402,16,COURSE016
347,16,COURSE016
271,16,COURSE016
152,16,COURSE016
62,16,COURSE016
269,16,COURSE016
249,16,COURSE016
474,16,COURSE016
147,16,COURSE016
272,16,COURSE016
310,16,COURSE016
408,16,COURSE016
420,16,COURSE016
404,16,COURSE016
410,16,COURSE016
129,16,COURSE016
435,16,COURSE016
9,16,COURSE016
81,16,COURSE016
178,16,COURSE016
498,16,COURSE016
199,16,COURSE016
234,16,COURSE016
107,16,COURSE016
245,16,COURSE016
317,16,COURSE016
393,16,COURSE016
45,16,COURSE016
139,16,COURSE016
241,16,COURSE016
384,16,COURSE016
491,17,COURSE017
132,17,COURSE017
243,17,COURSE017
188,17,COURSE017
406,17,COURSE017
437,17,COURSE017
176,17,COURSE017
326,17,COURSE017
381,17,COURSE017
457,17,COURSE017
217,17,COURSE017
275,17,COURSE017
331,17,COURSE017
223,17,COURSE017
135,17,COURSE017
183,17,COURSE017
187,17,COURSE017
208,17,COURSE017
54,17,COURSE017
430,17,COURSE017
9,17,COURSE017
375,17,COURSE017
380,17,COURSE017
210,17,COURSE017
452,17,COURSE017
220,17,COURSE017
252,17,COURSE017
431,17,COURSE017
84,17,COURSE017
327,17,COURSE017
467,17,COURSE017
407,17,COURSE017
202,17,COURSE017
335,17,COURSE017
313,17,COURSE017
166,17,COURSE017
432,17,COURSE017
455,17,COURSE017
436,17,COURSE017
403,17,COURSE017
453,17,COURSE017
443,17,COURSE017
481,17,COURSE017
478,17,COURSE017
169,17,COURSE017
109,17,COURSE017
315,17,COURSE017
267,17,COURSE017
442,17,COURSE017
464,17,COURSE017
449,17,COURSE017
238,17,COURSE017
107,17,COURSE017
64,17,COURSE017
276,17,COURSE017
474,17,COURSE017
417,17,COURSE017
142,17,COURSE017
88,17,COURSE017
448,17,COURSE017
227,17,COURSE017
150,17,COURSE017
353,17,COURSE017
344,17,COURSE017
52,17,COURSE017
75,17,COURSE017
389,17,COURSE017
216,17,COURSE017
319,17,COURSE017
337,18,COURSE018
327,18,COURSE018
265,18,COURSE018
96,18,COURSE018
283,18,COURSE018
254,18,COURSE018
22,18,COURSE018
481,18,COURSE018
470,18,COURSE018
159,18,COURSE018
431,18,COURSE018
144,18,COURSE018
259,18,COURSE018
268,18,COURSE018
266,18,COURSE018
271,18,COURSE018
0,18,COURSE018
198,18,COURSE018
71,18,COURSE018
463,18,COURSE018
419,18,COURSE018
421,18,COURSE018
311,18,COURSE018
394,18,COURSE018
239,18,COURSE018
79,18,COURSE018
196,18,COURSE018
477,18,COURSE018
339,18,COURSE018
139,18,COURSE018
390,18,COURSE018
38,18,COURSE018
397,18,COURSE018
382,18,COURSE018
95,18,COURSE018
406,18,COURSE018
112,18,COURSE018
469,18,COURSE018
163,18,COURSE018
17,18,COURSE018
109,18,COURSE018
278,18,COURSE018
236,19,COURSE019
260,19,COURSE019
342,19,COURSE019
343,19,COURSE019
162,19,COURSE019
477,19,COURSE019
133,19,COURSE019
212,19,COURSE019
288,19,COURSE019
121,19,COURSE019
49,19,COURSE019
286,19,COURSE019
351,19,COURSE019
294,19,COURSE019
390,19,COURSE019
40,19,COURSE019
67,19,COURSE019
108,19,COURSE019
364,19,COURSE019
155,19,COURSE019
109,19,COURSE019
437,19,COURSE019
193,19,COURSE019
257,19,COURSE019
170,19,COURSE019
274,19,COURSE019
232,19,COURSE019
56,19,COURSE019
93,19,COURSE019
486,19,COURSE019
65,19,COURSE019
41,19,COURSE019
114,19,COURSE019
44,19,COURSE019
239,19,COURSE019
447,19,COURSE019
456,19,COURSE019
119,20,COURSE020
393,20,COURSE020
5,20,COURSE020
207,20,COURSE020
87,20,COURSE020
257,20,COURSE020
399,20,COURSE020
24,20,COURSE020
146,20,COURSE020
445,20,COURSE020
319,20,COURSE020
489,20,COURSE020
117,20,COURSE020
68,20,COURSE020
299,20,COURSE020
89,20,COURSE020
47,20,COURSE020
50,20,COURSE020
258,20,COURSE020
111,20,COURSE020
435,20,COURSE020
269,20,COURSE020
83,20,COURSE020
200,20,COURSE020
360,20,COURSE020
341,20,COURSE020
380,20,COURSE020
270,20,COURSE020
254,20,COURSE020
85,20,COURSE020
187,20,COURSE020
194,20,COURSE020
318,20,COURSE020
277,20,COURSE020
418,20,COURSE020
304,20,COURSE020
356,20,COURSE020
401,20,COURSE020
267,20,COURSE020
167,20,COURSE020
190,20,COURSE020
376,20,COURSE020
160,20,COURSE020
166,20,COURSE020
217,20,COURSE020
337,20,COURSE020
416,20,COURSE020
27,20,COURSE020
74,20,COURSE020
32,20,COURSE020
30,20,COURSE020
397,20,COURSE020
354,20,COURSE020
238,20,COURSE020
228,20,COURSE020
25,20,COURSE020
131,20,COURSE020
161,20,COURSE020
412,20,COURSE020
220,20,COURSE020
453,20,COURSE020
479,20,COURSE020
439,20,COURSE020
361,20,COURSE020
348,20,COURSE020
48,20,COURSE020
2,20,COURSE020
305,20,COURSE020
414,20,COURSE020
227,20,COURSE020
476,20,COURSE020
464,20,COURSE020
419,20,COURSE020
365,20,COURSE020
76,20,COURSE020
459,20,COURSE020
203,20,COURSE020
41,20,COURSE020
58,20,COURSE020
181,20,COURSE020
295,20,COURSE020
195,20,COURSE020
143,20,COURSE020
281,20,COURSE020
91,20,COURSE020
422,20,COURSE020
78,20,COURSE020
316,20,COURSE020
144,20,COURSE020
178,20,COURSE020
192,20,COURSE020
35,20,COURSE020
481,20,COURSE020
296,20,COURSE020
182,20,COURSE020
121,20,COURSE020
243,20,COURSE020
256,20,COURSE020
468,20,COURSE020
65,20,COURSE020
395,20,COURSE020
37,20,COURSE020
222,20,COURSE020
390,20,COURSE020
172,20,COURSE020
271,20,COURSE020
487,20,COURSE020
209,20,COURSE020
429,20,COURSE020
471,20,COURSE020
241,20,COURSE020
387,20,COURSE020
253,20,COURSE020
115,20,COURSE020
466,20,COURSE020
322,20,COURSE020
452,20,COURSE020
275,20,COURSE020
29,20,COURSE020
134,20,COURSE020
352,20,COURSE020
363,20,COURSE020
438,20,COURSE020
325,21,COURSE021
87,21,COURSE021
338,21,COURSE021
150,21,COURSE021
14,21,COURSE021
425,21,COURSE021
276,21,COURSE021
421,21,COURSE021
225,21,COURSE021
483,21,COURSE021
198,21,COURSE021
482,21,COURSE021
321,21,COURSE021
348,21,COURSE021
210,21,COURSE021
18,21,COURSE021
226,21,COURSE021
140,21,COURSE021
79,21,COURSE021
10,21,COURSE021
355,21,COURSE021
385,21,COURSE021
235,21,COURSE021
468,21,COURSE021
259,21,COURSE021
380,21,COURSE021
155,21,COURSE021
141,21,COURSE021
0,21,COURSE021
331,21,COURSE021
199,21,COURSE021
254,21,COURSE021
457,21,COURSE021
266,21,COURSE021
218,21,COURSE021
315,21,COURSE021
445,21,COURSE021
233,21,COURSE021
219,21,COURSE021
242,21,COURSE021
255,21,COURSE021
267,21,COURSE021
456,21,COURSE021
228,21,COURSE021
28,21,COURSE021
428,21,COURSE021
122,21,COURSE021
394,21,COURSE021
474,21,COURSE021
237,21,COURSE021
364,21,COURSE021
201,21,COURSE021
223,21,COURSE021
154,21,COURSE021
26,21,COURSE021
142,21,COURSE021
301,21,COURSE021
119,21,COURSE021
293,21,COURSE021
396,21,COURSE021
441,21,COURSE021
160,21,COURSE021
126,21,COURSE021
422,21,COURSE021
55,21,COURSE021
78,22,COURSE022
119,22,COURSE022
122,22,COURSE022
282,22,COURSE022
132,22,COURSE022
320,22,COURSE022
129,22,COURSE022
49,22,COURSE022
300,22,COURSE022
68,22,COURSE022
274,22,COURSE022
124,22,COURSE022
383,22,COURSE022
354,22,COURSE022
436,22,COURSE022
427,22,COURSE022
246,22,COURSE022
441,22,COURSE022
65,22,COURSE022
118,22,COURSE022
190,22,COURSE022
340,22,COURSE022
176,22,COURSE022
206,22,COURSE022
339,22,COURSE022
326,22,COURSE022
222,22,COURSE022
103,22,COURSE022
46,22,COURSE022
398,22,COURSE022
409,22,COURSE022
432,22,COURSE022
100,22,COURSE022
151,22,COURSE022
457,22,COURSE022
75,22,COURSE022
159,22,COURSE022
458,22,COURSE022
311,22,COURSE022
142,22,COURSE022
297,22,COURSE022
96,22,COURSE022
433,22,COURSE022
4,22,COURSE022
158,22,COURSE022
269,22,COURSE022
208,22,COURSE022
241,22,COURSE022
139,22,COURSE022
271,22,COURSE022
254,22,COURSE022
284,22,COURSE022
162,22,COURSE022
316,22,COURSE022
459,22,COURSE022
58,22,COURSE022
349,22,COURSE022
128,22,COURSE022
446,22,COURSE022
455,22,COURSE022
201,22,COURSE022
463,22,COURSE022
270,22,COURSE022
435,22,COURSE022
1,22,COURSE022
8,22,COURSE022
350,22,COURSE022
154,22,COURSE022
313,22,COURSE022
287,22,COURSE022
475,22,COURSE022
414,22,COURSE022
203,22,COURSE022
348,22,COURSE022
37,22,COURSE022
36,22,COURSE022
195,22,COURSE022
375,23,COURSE023
204,23,COURSE023
486,23,COURSE023
176,23,COURSE023
279,23,COURSE023
168,23,COURSE023
372,23,COURSE023
414,23,COURSE023
255,23,COURSE023
401,23,COURSE023
224,23,COURSE023
465,23,COURSE023
422,23,COURSE023
95,23,COURSE023
44,23,COURSE023
91,23,COURSE023
370,23,COURSE023
151,23,COURSE023
267,23,COURSE023
232,23,COURSE023
53,23,COURSE023
182,23,COURSE023
31,23,COURSE023
318,23,COURSE023
125,23,COURSE023
15,23,COURSE023
286,23,COURSE023
446,23,COURSE023
389,23,COURSE023
234,23,COURSE023
404,23,COURSE023
49,23,COURSE023
173,23,COURSE023
163,23,COURSE023
428,24,COURSE024
123,24,COURSE024
241,24,COURSE024
435,24,COURSE024
471,24,COURSE024
230,24,COURSE024
299,24,COURSE024
37,24,COURSE024
350,24,COURSE024
91,24,COURSE024
54,24,COURSE024
15,24,COURSE024
140,24,COURSE024
144,24,COURSE024
235,24,COURSE024
157,24,COURSE024
252,24,COURSE024
420,24,COURSE024
112,24,COURSE024
295,24,COURSE024
50,24,COURSE024
385,24,COURSE024
379,24,COURSE024
412,24,COURSE024
480,24,COURSE024
339,24,COURSE024
345,24,COURSE024
399,24,COURSE024
9,24,COURSE024
300,24,COURSE024
289,24,COURSE024
174,24,COURSE024
248,24,COURSE024
166,24,COURSE024
102,24,COURSE024
83,24,COURSE024
208,24,COURSE024
442,24,COURSE024
171,24,COURSE024
457,24,COURSE024
67,24,COURSE024
214,24,COURSE024
47,24,COURSE024
59,24,COURSE024
48,24,COURSE024
52,24,COURSE024
212,24,COURSE024
167,24,COURSE024
197,24,COURSE024
232,24,COURSE024
470,24,COURSE024
288,24,COURSE024
118,24,COURSE024
396,24,COURSE024
418,24,COURSE024
334,24,COURSE024
475,24,COURSE024
285,24,COURSE024
402,24,COURSE024
95,24,COURSE024
185,24,COURSE024
191,24,COURSE024
18,24,COURSE024
283,24,COURSE024
369,24,COURSE024
324,24,COURSE024
199,24,COURSE024
41,24,COURSE024
340,24,COURSE024
183,24,COURSE024
370,24,COURSE024
217,24,COURSE024
158,24,COURSE024
33,24,COURSE024
256,25,COURSE025
449,25,COURSE025
255,25,COURSE025
276,25,COURSE025
479,25,COURSE025
414,25,COURSE025
290,25,COURSE025
31,25,COURSE025
131,25,COURSE025
499,25,COURSE025
325,25,COURSE025
367,25,COURSE025
385,25,COURSE025
320,25,COURSE025
328,25,COURSE025
208,25,COURSE025
223,25,COURSE025
457,25,COURSE025
193,25,COURSE025
126,25,COURSE025
233,25,COURSE025
141,25,COURSE025
348,25,COURSE025
133,25,COURSE025
433,25,COURSE025
194,25,COURSE025
79,25,COURSE025
356,25,COURSE025
248,25,COURSE025
203,25,COURSE025
151,25,COURSE025
402,25,COURSE025
12,25,COURSE025
50,25,COURSE025
360,25,COURSE025
216,25,COURSE025
310,25,COURSE025
242,25,COURSE025
33,25,COURSE025
339,25,COURSE025
156,25,COURSE025
83,25,COURSE025
122,25,COURSE025
450,25,COURSE025
422,25,COURSE025
113,25,COURSE025
115,25,COURSE025
407,25,COURSE025
382,25,COURSE025
289,25,COURSE025
200,25,COURSE025
376,25,COURSE025
403,25,COURSE025
334,25,COURSE025
318,25,COURSE025
406,25,COURSE025
109,25,COURSE025
354,25,COURSE025
180,25,COURSE025
473,25,COURSE025
477,25,COURSE025
465,25,COURSE025
68,25,COURSE025
34,25,COURSE025
219,25,COURSE025
338,25,COURSE025
415,25,COURSE025
284,25,COURSE025
62,25,COURSE025
177,25,COURSE025
293,25,COURSE025
103,25,COURSE025
432,25,COURSE025
359,25,COURSE025
340,25,COURSE025
198,25,COURSE025
417,25,COURSE025
292,25,COURSE025
347,25,COURSE025
163,25,COURSE025
108,25,COURSE025
351,25,COURSE025
436,25,COURSE025
426,25,COURSE025
405,25,COURSE025
85,25,COURSE025
409,25,COURSE025
92,25,COURSE025
104,25,COURSE025
176,25,COURSE025
247,25,COURSE025
186,25,COURSE025
467,25,COURSE025
269,25,COURSE025
427,25,COURSE025
228,25,COURSE025
254,25,COURSE025
420,25,COURSE025
185,25,COURSE025
475,25,COURSE025
205,25,COURSE025
237,25,COURSE025
278,25,COURSE025
224,25,COURSE025
69,25,COURSE025
346,25,COURSE025
80,25,COURSE025
97,25,COURSE025
294,25,COURSE025
275,25,COURSE025
363,25,COURSE025
152,25,COURSE025
164,25,COURSE025
493,25,COURSE025
66,25,COURSE025
134,25,COURSE025
192,25,COURSE025
373,25,COURSE025
199,25,COURSE025
28,25,COURSE025
394,25,COURSE025
220,25,COURSE025
295,25,COURSE025
268,25,COURSE025
309,25,COURSE025
29,25,COURSE025
240,25,COURSE025
215,25,COURSE025
297,25,COURSE025
174,25,COURSE025
408,25,COURSE025
494,25,COURSE025
73,25,COURSE025
56,25,COURSE025
14,25,COURSE025
316,26,COURSE026
474,26,COURSE026
288,26,COURSE026
488,26,COURSE026
251,26,COURSE026
258,26,COURSE026
368,26,COURSE026
68,26,COURSE026
365,26,COURSE026
304,26,COURSE026
243,26,COURSE026
146,26,COURSE026
200,26,COURSE026
177,26,COURSE026
344,26,COURSE026
256,26,COURSE026
483,26,COURSE026
250,26,COURSE026
263,26,COURSE026
357,26,COURSE026
472,26,COURSE026
451,26,COURSE026
181,26,COURSE026
112,26,COURSE026
184,26,COURSE026
436,26,COURSE026
372,26,COURSE026
17,26,COURSE026
345,26,COURSE026
100,26,COURSE026
241,26,COURSE026
176,26,COURSE026
7,26,COURSE026
400,26,COURSE026
152,26,COURSE026
56,26,COURSE026
320,26,COURSE026
439,26,COURSE026
92,26,COURSE026
153,26,COURSE026
387,26,COURSE026
242,26,COURSE026
203,26,COURSE026
456,26,COURSE026
319,26,COURSE026
293,26,COURSE026
433,26,COURSE026
478,26,COURSE026
374,26,COURSE026
382,26,COURSE026
268,26,COURSE026
141,26,COURSE026
383,26,COURSE026
264,26,COURSE026
10,27,COURSE027
34,27,COURSE027
446,27,COURSE027
149,27,COURSE027
169,27,COURSE027
482,27,COURSE027
85,27,COURSE027
37,27,COURSE027
378,27,COURSE027
437,27,COURSE027
471,27,COURSE027
189,27,COURSE027
477,27,COURSE027
431,27,COURSE027
323,27,COURSE027
98,27,COURSE027
133,27,COURSE027
280,27,COURSE027
237,27,COURSE027
54,27,COURSE027
486,27,COURSE027
327,27,COURSE027
264,27,COURSE027
372,27,COURSE027
220,27,COURSE027
355,27,COURSE027
36,27,COURSE027
269,27,COURSE027
312,27,COURSE027
260,27,COURSE027
259,27,COURSE027
442,27,COURSE027
163,27,COURSE027
366,27,COURSE027
127,27,COURSE027
14,27,COURSE027
145,27,COURSE027
66,27,COURSE027
89,27,COURSE027
306,27,COURSE027
113,27,COURSE027
79,27,COURSE027
262,28,COURSE028
257,28,COURSE028
446,28,COURSE028
189,28,COURSE028
36,28,COURSE028
422,28,COURSE028
176,28,COURSE028
169,28,COURSE028
491,28,COURSE028
418,28,COURSE028
52,28,COURSE028
61,28,COURSE028
82,28,COURSE028
358,28,COURSE028
149,28,COURSE028
133,28,COURSE028
268,28,COURSE028
145,28,COURSE028
258,28,COURSE028
390,28,COURSE028
311,28,COURSE028
46,28,COURSE028
294,28,COURSE028
141,28,COURSE028
216,28,COURSE028
215,28,COURSE028
417,28,COURSE028
431,28,COURSE028
63,28,COURSE028
185,28,COURSE028
71,28,COURSE028
464,28,COURSE028
97,28,COURSE028
295,28,COURSE028
328,28,COURSE028
338,28,COURSE028
41,28,COURSE028
113,29,COURSE029
115,29,COURSE029
352,29,COURSE029
403,29,COURSE029
209,29,COURSE029
157,29,COURSE029
322,29,COURSE029
194,29,COURSE029
304,29,COURSE029
90,29,COURSE029
227,29,COURSE029
56,29,COURSE029
32,29,COURSE029
238,29,COURSE029
96,29,COURSE029
437,29,COURSE029
185,29,COURSE029
299,29,COURSE029
0,29,COURSE029
104,29,COURSE029
456,30,COURSE030
312,30,COURSE030
208,30,COURSE030
417,30,COURSE030
262,30,COURSE030
466,30,COURSE030
35,30,COURSE030
139,30,COURSE030
256,30,COURSE030
481,30,COURSE030
287,30,COURSE030
274,30,COURSE030
100,30,COURSE030
89,30,COURSE030
47,30,COURSE030
470,30,COURSE030
249,30,COURSE030
479,30,COURSE030
378,30,COURSE030
259,30,COURSE030
490,30,COURSE030
113,30,COURSE030
57,30,COURSE030
444,30,COURSE030
115,30,COURSE030
194,30,COURSE030
116,30,COURSE030
459,30,COURSE030
109,30,COURSE030
445,30,COURSE030
197,30,COURSE030
354,30,COURSE030
358,30,COURSE030
336,30,COURSE030
49,30,COURSE030
281,30,COURSE030
1,30,COURSE030
393,30,COURSE030
371,30,COURSE030
339,30,COURSE030
99,30,COURSE030
169,30,COURSE030
143,30,COURSE030
78,30,COURSE030
428,30,COURSE030
338,30,COURSE030
98,30,COURSE030
266,30,COURSE030
451,30,COURSE030
363,30,COURSE030
405,30,COURSE030
413,30,COURSE030
128,30,COURSE030
9,30,COURSE030
397,30,COURSE030
327,30,COURSE030
244,30,COURSE030
289,30,COURSE030
483,30,COURSE030
365,30,COURSE030
313,30,COURSE030
22,30,COURSE030
14,30,COURSE030
67,30,COURSE030
347,30,COURSE030
478,30,COURSE030
203,30,COURSE030
212,30,COURSE030
124,30,COURSE030
119,30,COURSE030
199,30,COURSE030
333,30,COURSE030
373,30,COURSE030
401,30,COURSE030
37,30,COURSE030
381,30,COURSE030
221,30,COURSE030
95,30,COURSE030
382,30,COURSE030
356,30,COURSE030
182,30,COURSE030
412,30,COURSE030
306,30,COURSE030
191,30,COURSE030
367,30,COURSE030
233,30,COURSE030
30,30,COURSE030
215,30,COURSE030
171,30,COURSE030
284,30,COURSE030
63,30,COURSE030
291,30,COURSE030
288,30,COURSE030
254,30,COURSE030
200,30,COURSE030
419,30,COURSE030
70,30,COURSE030
270,30,COURSE030
434,30,COURSE030
175,30,COURSE030
498,30,COURSE030
316,30,COURSE030
6,30,COURSE030
265,30,COURSE030
282,30,COURSE030
17,30,COURSE030
458,30,COURSE030
488,30,COURSE030
53,30,COURSE030
160,30,COURSE030
255,30,COURSE030
452,30,COURSE030
342,30,COURSE030
228,30,COURSE030
30,31,COURSE031
300,31,COURSE031
85,31,COURSE031
499,31,COURSE031
125,31,COURSE031
14,31,COURSE031
336,31,COURSE031
310,31,COURSE031
211,31,COURSE031
494,31,COURSE031
280,31,COURSE031
124,31,COURSE031
304,31,COURSE031
219,31,COURSE031
150,31,COURSE031
164,31,COURSE031
354,31,COURSE031
160,31,COURSE031
2,31,COURSE031
479,31,COURSE031
427,31,COURSE031
343,31,COURSE031
279,31,COURSE031
321,31,COURSE031
216,31,COURSE031
91,31,COURSE031
482,31,COURSE031
463,31,COURSE031
208,31,COURSE031
287,31,COURSE031
12,31,COURSE031
184,31,COURSE031
152,31,COURSE031
282,31,COURSE031
141,31,COURSE031
484,31,COURSE031
139,31,COURSE031
423,31,COURSE031
348,31,COURSE031
60,31,COURSE031
444,31,COURSE031
80,31,COURSE031
454,31,COURSE031
68,31,COURSE031
191,31,COURSE031
217,31,COURSE031
302,31,COURSE031
50,31,COURSE031
136,31,COURSE031
90,31,COURSE031
398,31,COURSE031
489,31,COURSE031
453,31,COURSE031
341,31,COURSE031
369,31,COURSE031
66,31,COURSE031
342,31,COURSE031
41,31,COURSE031
420,31,COURSE031
258,31,COURSE031
403,31,COURSE031
188,32,COURSE032
233,32,COURSE032
318,32,COURSE032
251,32,COURSE032
10,32,COURSE032
362,32,COURSE032
271,32,COURSE032
167,32,COURSE032
93,32,COURSE032
30,32,COURSE032
438,32,COURSE032
279,32,COURSE032
60,32,COURSE032
97,32,COURSE032
352,32,COURSE032
350,32,COURSE032
376,32,COURSE032
138,32,COURSE032
177,32,COURSE032
490,32,COURSE032
420,32,COURSE032
61,32,COURSE032
189,32,COURSE032
210,32,COURSE032
260,32,COURSE032
323,32,COURSE032
2,32,COURSE032
468,32,COURSE032
136,32,COURSE032
310,32,COURSE032
95,32,COURSE032
339,32,COURSE032
103,32,COURSE032
36,32,COURSE032
129,32,COURSE032
134,32,COURSE032
465,32,COURSE032
4,32,COURSE032
120,32,COURSE032
389,32,COURSE032
109,32,COURSE032
168,32,COURSE032
18,32,COURSE032
232,32,COURSE032
238,32,COURSE032
393,32,COURSE032
125,32,COURSE032
245,32,COURSE032
115,32,COURSE032
158,32,COURSE032
457,32,COURSE032
237,32,COURSE032
183,32,COURSE032
430,32,COURSE032
458,32,COURSE032
204,32,COURSE032
190,32,COURSE032
474,32,COURSE032
44,32,COURSE032
79,32,COURSE032
471,32,COURSE032
192,32,COURSE032
157,32,COURSE032
480,32,COURSE032
303,32,COURSE032
313,32,COURSE032
308,32,COURSE032
388,32,COURSE032
262,32,COURSE032
11,32,COURSE032
283,32,COURSE032
280,32,COURSE032
236,32,COURSE032
322,32,COURSE032
84,32,COURSE032
344,32,COURSE032
483,32,COURSE032
202,33,COURSE033
302,33,COURSE033
64,33,COURSE033
436,33,COURSE033
342,33,COURSE033
85,33,COURSE033
363,33,COURSE033
339,33,COURSE033
274,33,COURSE033
409,33,COURSE033
352,33,COURSE033
374,33,COURSE033
122,33,COURSE033
226,33,COURSE033
125,33,COURSE033
123,33,COURSE033
71,33,COURSE033
227,33,COURSE033
435,33,COURSE033
455,33,COURSE033
456,33,COURSE033
231,33,COURSE033
309,33,COURSE033
391,33,COURSE033
258,33,COURSE033
190,33,COURSE033
112,33,COURSE033
432,33,COURSE033
305,33,COURSE033
255,33,COURSE033
209,33,COURSE033
32,33,COURSE033
322,33,COURSE033
453,33,COURSE033
211,33,COURSE033
48,33,COURSE033
174,33,COURSE033
75,33,COURSE033
146,33,COURSE033
217,33,COURSE033
369,33,COURSE033
296,34,COURSE034
336,34,COURSE034
68,34,COURSE034
294,34,COURSE034
391,34,COURSE034
360,34,COURSE034
281,34,COURSE034
381,34,COURSE034
234,34,COURSE034
160,34,COURSE034
216,34,COURSE034
429,34,COURSE034
195,34,COURSE034
289,34,COURSE034
226,34,COURSE034
238,34,COURSE034
79,34,COURSE034
87,34,COURSE034
402,34,COURSE034
312,34,COURSE034
439,34,COURSE034
328,34,COURSE034
252,34,COURSE034
237,34,COURSE034
297,34,COURSE034
233,34,COURSE034
36,34,COURSE034
452,34,COURSE034
330,34,COURSE034
138,34,COURSE034
93,34,COURSE034
344,34,COURSE034
146,34,COURSE034
443,34,COURSE034
71,34,COURSE034
302,34,COURSE034
88,34,COURSE034
293,34,COURSE034
114,34,COURSE034
217,34,COURSE034
23,34,COURSE034
149,34,COURSE034
365,34,COURSE034
7,34,COURSE034
348,34,COURSE034
262,34,COURSE034
333,34,COURSE034
51,34,COURSE034
307,34,COURSE034
177,34,COURSE034
298,34,COURSE034
398,34,COURSE034
436,34,COURSE034
248,34,COURSE034
378,34,COURSE034
482,34,COURSE034
439,35,COURSE035
188,35,COURSE035
122,35,COURSE035
15,35,COURSE035
419,35,COURSE035
53,35,COURSE035
484,35,COURSE035
263,35,COURSE035
290,35,COURSE035
448,35,COURSE035
268,35,COURSE035
457,35,COURSE035
400,35,COURSE035
277,35,COURSE035
191,35,COURSE035
167,35,COURSE035
194,35,COURSE035
429,35,COURSE035
438,35,COURSE035
232,35,COURSE035
169,35,COURSE035
159,35,COURSE035
295,35,COURSE035
434,35,COURSE035
451,35,COURSE035
49,35,COURSE035
203,35,COURSE035
198,35,COURSE035
330,35,COURSE035
18,35,COURSE035
234,35,COURSE035
245,35,COURSE035
395,35,COURSE035
416,35,COURSE035
252,35,COURSE035
333,35,COURSE035
281,35,COURSE035
385,35,COURSE035
337,35,COURSE035
62,35,COURSE035
410,35,COURSE035
201,35,COURSE035
454,35,COURSE035
364,35,COURSE035
460,35,COURSE035
346,35,COURSE035
161,35,COURSE035
130,35,COURSE035
176,35,COURSE035
425,35,COURSE035
111,35,COURSE035
131,35,COURSE035
420,35,COURSE035
442,35,COURSE035
271,35,COURSE035
129,35,COURSE035
482,35,COURSE035
365,35,COURSE035
377,35,COURSE035
197,35,COURSE035
470,35,COURSE035
50,35,COURSE035
433,35,COURSE035
325,35,COURSE035
106,35,COURSE035
32,35,COURSE035
165,35,COURSE035
73,35,COURSE035
320,35,COURSE035
226,35,COURSE035
22,35,COURSE035
394,35,COURSE035
447,35,COURSE035
321,35,COURSE035
168,35,COURSE035
180,35,COURSE035
275,35,COURSE035
64,35,COURSE035
426,35,COURSE035
33,35,COURSE035
475,35,COURSE035
89,35,COURSE035
259,35,COURSE035
166,35,COURSE035
116,35,COURSE035
380,35,COURSE035
300,35,COURSE035
31,35,COURSE035
146,35,COURSE035
119,35,COURSE035
45,35,COURSE035
123,35,COURSE035
265,35,COURSE035
444,35,COURSE035
225,35,COURSE035
270,35,COURSE035
302,35,COURSE035
486,35,COURSE035
7,35,COURSE035
349,35,COURSE035
403,35,COURSE035
378,35,COURSE035
244,35,COURSE035
316,35,COURSE035
283,35,COURSE035
362,35,COURSE035
304,35,COURSE035
20,35,COURSE035
183,35,COURSE035
276,35,COURSE035
127,35,COURSE035
29,35,COURSE035
369,35,COURSE035
360,35,COURSE035
327,35,COURSE035
71,35,COURSE035
143,35,COURSE035
239,35,COURSE035
466,35,COURSE035
107,35,COURSE035
412,35,COURSE035
164,35,COURSE035
14,35,COURSE035
113,35,COURSE035
351,35,COURSE035
427,35,COURSE035
73,36,COURSE036
313,36,COURSE036
83,36,COURSE036
400,36,COURSE036
234,36,COURSE036
401,36,COURSE036
435,36,COURSE036
90,36,COURSE036
274,36,COURSE036
334,36,COURSE036
296,36,COURSE036
432,36,COURSE036
351,36,COURSE036
154,36,COURSE036
383,36,COURSE036
218,36,COURSE036
280,36,COURSE036
88,36,COURSE036
286,36,COURSE036
200,36,COURSE036
189,36,COURSE036
452,36,COURSE036
95,36,COURSE036
52,36,COURSE036
355,36,COURSE036
21,36,COURSE036
25,36,COURSE036
360,37,COURSE037
225,37,COURSE037
116,37,COURSE037
281,37,COURSE037
2,37,COURSE037
303,37,COURSE037
45,37,COURSE037
34,37,COURSE037
223,37,COURSE037
68,37,COURSE037
23,37,COURSE037
156,37,COURSE037
440,37,COURSE037
387,37,COURSE037
448,37,COURSE037
171,37,COURSE037
366,37,COURSE037
245,37,COURSE037
155,37,COURSE037
84,37,COURSE037
429,37,COURSE037
331,37,COURSE037
76,37,COURSE037
328,37,COURSE037
397,37,COURSE037
96,37,COURSE037
335,37,COURSE037
350,37,COURSE037
377,37,COURSE037
340,37,COURSE037
210,37,COURSE037
369,37,COURSE037
412,37,COURSE037
482,37,COURSE037
159,37,COURSE037
91,37,COURSE037
130,37,COURSE037
427,37,COURSE037
396,37,COURSE037
298,37,COURSE037
485,37,COURSE037
42,37,COURSE037
361,38,COURSE038
163,38,COURSE038
63,38,COURSE038
236,38,COURSE038
65,38,COURSE038
18,38,COURSE038
374,38,COURSE038
176,38,COURSE038
363,38,COURSE038
375,38,COURSE038
435,38,COURSE038
166,38,COURSE038
436,38,COURSE038
164,38,COURSE038
77,38,COURSE038
456,38,COURSE038
220,38,COURSE038
383,38,COURSE038
386,38,COURSE038
276,38,COURSE038
310,38,COURSE038
201,38,COURSE038
92,38,COURSE038
432,38,COURSE038
259,38,COURSE038
351,38,COURSE038
312,38,COURSE038
328,38,COURSE038
13,38,COURSE038
298,38,COURSE038
371,38,COURSE038
272,38,COURSE038
430,38,COURSE038
37,38,COURSE038
8,38,COURSE038
302,38,COURSE038
73,38,COURSE038
329,38,COURSE038
109,38,COURSE038
283,38,COURSE038
189,38,COURSE038
198,38,COURSE038
389,38,COURSE038
152,38,COURSE038
135,38,COURSE038
376,38,COURSE038
389,39,COURSE039
333,39,COURSE039
438,39,COURSE039
448,39,COURSE039
304,39,COURSE039
219,39,COURSE039
351,39,COURSE039
385,39,COURSE039
39,39,COURSE039
120,39,COURSE039
291,39,COURSE039
130,39,COURSE039
42,39,COURSE039
70,39,COURSE039
289,39,COURSE039
332,39,COURSE039
214,39,COURSE039
469,39,COURSE039
48,39,COURSE039
14,39,COURSE039
188,39,COURSE039
454,39,COURSE039
367,39,COURSE039
229,39,COURSE039
81,39,COURSE039
286,39,COURSE039
455,39,COURSE039
2,39,COURSE039
350,39,COURSE039
363,39,COURSE039
173,39,COURSE039
151,39,COURSE039
44,39,COURSE039
127,39,COURSE039
378,39,COURSE039
364,39,COURSE039
10,39,COURSE039
21,39,COURSE039
25,39,COURSE039
294,39,COURSE039
203,39,COURSE039
456,39,COURSE039
310,39,COURSE039
77,39,COURSE039
5,39,COURSE039
418,39,COURSE039
171,39,COURSE039
69,39,COURSE039
60,39,COURSE039
115,39,COURSE039
392,39,COURSE039
400,39,COURSE039
492,39,COURSE039
452,39,COURSE039
449,39,COURSE039
114,39,COURSE039
4,39,COURSE039
341,39,COURSE039
107,39,COURSE039
446,39,COURSE039
232,39,COURSE039
498,39,COURSE039
255,39,COURSE039
472,39,COURSE039
324,39,COURSE039
419,39,COURSE039
78,40,COURSE040
94,40,COURSE040
360,40,COURSE040
250,40,COURSE040
266,40,COURSE040
499,40,COURSE040
193,40,COURSE040
305,40,COURSE040
141,40,COURSE040
370,40,COURSE040
235,40,COURSE040
65,40,COURSE040
100,40,COURSE040
282,40,COURSE040
469,40,COURSE040
105,40,COURSE040
129,40,COURSE040
337,40,COURSE040
122,40,COURSE040
104,40,COURSE040
484,40,COURSE040
67,40,COURSE040
218,40,COURSE040
240,40,COURSE040
398,40,COURSE040
455,40,COURSE040
6,40,COURSE040
410,40,COURSE040
254,40,COURSE040
72,40,COURSE040
88,40,COURSE040
91,40,COURSE040
336,40,COURSE040
19,40,COURSE040
243,40,COURSE040
257,40,COURSE040
309,40,COURSE040
79,40,COURSE040
280,40,COURSE040
456,40,COURSE040
383,40,COURSE040
143,40,COURSE040
2,40,COURSE040
477,40,COURSE040
463,40,COURSE040
8,40,COURSE040
277,40,COURSE040
162,40,COURSE040
18,40,COURSE040
168,40,COURSE040
56,40,COURSE040
408,40,COURSE040
274,40,COURSE040
43,40,COURSE040
297,40,COURSE040
437,40,COURSE040
432,40,COURSE040
212,40,COURSE040
188,40,COURSE040
50,40,COURSE040
169,40,COURSE040
164,40,COURSE040
303,40,COURSE040
471,40,COURSE040
223,40,COURSE040
29,40,COURSE040
135,40,COURSE040
192,40,COURSE040
327,40,COURSE040
381,40,COURSE040
52,40,COURSE040
460,40,COURSE040
219,40,COURSE040
150,40,COURSE040
487,40,COURSE040
3,40,COURSE040
147,40,COURSE040
134,40,COURSE040
160,40,COURSE040
246,40,COURSE040
98,40,COURSE040
380,40,COURSE040
70,40,COURSE040
382,40,COURSE040
465,40,COURSE040
73,40,COURSE040
30,40,COURSE040
290,40,COURSE040
74,40,COURSE040
84,40,COURSE040
213,40,COURSE040
51,40,COURSE040
239,40,COURSE040
371,40,COURSE040
102,40,COURSE040
354,40,COURSE040
21,40,COURSE040
493,40,COURSE040
121,40,COURSE040
483,40,COURSE040
345,40,COURSE040
488,40,COURSE040
375,40,COURSE040
140,40,COURSE040
271,40,COURSE040
315,40,COURSE040
332,40,COURSE040
256,40,COURSE040
296,40,COURSE040
464,41,COURSE041
119,41,COURSE041
204,41,COURSE041
96,41,COURSE041
42,41,COURSE041
177,41,COURSE041
31,41,COURSE041
88,41,COURSE041
14,41,COURSE041
320,41,COURSE041
214,41,COURSE041
34,41,COURSE041
67,41,COURSE041
55,41,COURSE041
176,41,COURSE041
404,41,COURSE041
409,41,COURSE041
37,41,COURSE041
112,41,COURSE041
334,41,COURSE041
113,41,COURSE041
39,41,COURSE041
12,41,COURSE041
128,41,COURSE041
179,41,COURSE041
162,41,COURSE041
170,41,COURSE041
313,41,COURSE041
458,41,COURSE041
46,41,COURSE041
171,41,COURSE041
167,41,COURSE041
421,41,COURSE041
277,41,COURSE041
292,41,COURSE041
391,41,COURSE041
294,41,COURSE041
268,41,COURSE041
210,41,COURSE041
242,41,COURSE041
225,41,COURSE041
270,41,COURSE041
125,41,COURSE041
152,41,COURSE041
36,41,COURSE041
79,41,COURSE041
462,41,COURSE041
445,41,COURSE041
75,41,COURSE041
271,41,COURSE041
350,41,COURSE041
281,41,COURSE041
385,41,COURSE041
59,41,COURSE041
340,41,COURSE041
411,41,COURSE041
393,41,COURSE041
108,41,COURSE041
477,41,COURSE041
245,41,COURSE041
106,41,COURSE041
365,41,COURSE041
275,41,COURSE041
291,41,COURSE041
408,41,COURSE041
124,41,COURSE041
362,41,COURSE041
52,41,COURSE041
120,41,COURSE041
344,41,COURSE041
6,41,COURSE041
261,41,COURSE041
260,41,COURSE041
380,41,COURSE041
323,42,COURSE042
262,42,COURSE042
477,42,COURSE042
80,42,COURSE042
166,42,COURSE042
12,42,COURSE042
349,42,COURSE042
203,42,COURSE042
254,42,COURSE042
125,42,COURSE042
266,42,COURSE042
160,42,COURSE042
22,42,COURSE042
366,42,COURSE042
153,42,COURSE042
281,42,COURSE042
111,42,COURSE042
201,42,COURSE042
167,42,COURSE042
467,42,COURSE042
142,42,COURSE042
50,42,COURSE042
169,42,COURSE042
327,42,COURSE042
360,42,COURSE042
297,42,COURSE042
76,42,COURSE042
5,42,COURSE042
96,42,COURSE042
212,42,COURSE042
480,42,COURSE042
240,42,COURSE042
248,42,COURSE042
253,42,COURSE042
190,42,COURSE042
344,42,COURSE042
438,42,COURSE042
72,42,COURSE042
442,42,COURSE042
437,42,COURSE042
3,42,COURSE042
293,42,COURSE042
466,42,COURSE042
232,42,COURSE042
210,42,COURSE042
331,42,COURSE042
268,42,COURSE042
93,42,COURSE042
404,42,COURSE042
498,42,COURSE042
462,42,COURSE042
138,42,COURSE042
132,42,COURSE042
410,42,COURSE042
258,42,COURSE042
119,42,COURSE042
32,43,COURSE043
354,43,COURSE043
56,43,COURSE043
37,43,COURSE043
447,43,COURSE043
212,43,COURSE043
110,43,COURSE043
125,43,COURSE043
63,43,COURSE043
375,43,COURSE043
88,43,COURSE043
286,43,COURSE043
147,43,COURSE043
422,43,COURSE043
238,43,COURSE043
434,43,COURSE043
133,43,COURSE043
491,43,COURSE043
48,43,COURSE043
196,43,COURSE043
430,43,COURSE043
280,43,COURSE043
415,43,COURSE043
303,43,COURSE043
257,43,COURSE043
68,43,COURSE043
15,43,COURSE043
166,43,COURSE043
423,43,COURSE043
490,43,COURSE043
154,43,COURSE043
146,43,COURSE043
39,43,COURSE043
185,43,COURSE043
28,43,COURSE043
361,44,COURSE044
145,44,COURSE044
72,44,COURSE044
293,44,COURSE044
493,44,COURSE044
271,44,COURSE044
76,44,COURSE044
24,44,COURSE044
39,44,COURSE044
285,44,COURSE044
430,44,COURSE044
32,44,COURSE044
266,44,COURSE044
1,44,COURSE044
488,44,COURSE044
195,44,COURSE044
277,44,COURSE044
495,44,COURSE044
214,44,COURSE044
262,44,COURSE044
249,44,COURSE044
347,44,COURSE044
269,44,COURSE044
38,44,COURSE044
93,44,COURSE044
35,44,COURSE044
206,44,COURSE044
33,44,COURSE044
380,44,COURSE044
107,44,COURSE044
90,44,COURSE044
86,44,COURSE044
443,44,COURSE044
15,44,COURSE044
322,44,COURSE044
2,44,COURSE044
16,44,COURSE044
371,44,COURSE044
187,44,COURSE044
184,44,COURSE044
287,44,COURSE044
469,44,COURSE044
374,44,COURSE044
280,44,COURSE044
65,44,COURSE044
324,44,COURSE044
27,44,COURSE044
438,44,COURSE044
237,44,COURSE044
5,44,COURSE044
376,44,COURSE044
114,44,COURSE044
207,44,COURSE044
294,44,COURSE044
189,44,COURSE044
402,44,COURSE044
156,44,COURSE044
418,44,COURSE044
4,44,COURSE044
118,44,COURSE044
414,44,COURSE044
379,44,COURSE044
309,45,COURSE045
211,45,COURSE045
351,45,COURSE045
17,45,COURSE045
52,45,COURSE045
25,45,COURSE045
449,45,COURSE045
295,45,COURSE045
123,45,COURSE045
490,45,COURSE045
485,45,COURSE045
166,45,COURSE045
377,45,COURSE045
193,45,COURSE045
276,45,COURSE045
99,45,COURSE045
365,45,COURSE045
277,45,COURSE045
491,45,COURSE045
299,45,COURSE045
197,45,COURSE045
94,45,COURSE045
135,45,COURSE045
372,45,COURSE045
304,45,COURSE045
494,45,COURSE045
192,45,COURSE045
397,45,COURSE045
379,45,COURSE045
458,45,COURSE045
479,45,COURSE045
208,45,COURSE045
196,45,COURSE045
87,45,COURSE045
470,45,COURSE045
450,45,COURSE045
364,45,COURSE045
14,45,COURSE045
243,45,COURSE045
203,45,COURSE045
18,45,COURSE045
322,45,COURSE045
391,45,COURSE045
256,45,COURSE045
214,45,COURSE045
47,45,COURSE045
441,45,COURSE045
303,45,COURSE045
194,45,COURSE045
31,45,COURSE045
468,45,COURSE045
205,45,COURSE045
298,45,COURSE045
33,45,COURSE045
83,45,COURSE045
265,45,COURSE045
404,45,COURSE045
316,45,COURSE045
109,45,COURSE045
292,45,COURSE045
394,45,COURSE045
100,45,COURSE045
262,45,COURSE045
113,45,COURSE045
111,45,COURSE045
314,45,COURSE045
430,45,COURSE045
120,45,COURSE045
406,45,COURSE045
222,45,COURSE045
300,45,COURSE045
79,45,COURSE045
420,45,COURSE045
24,45,COURSE045
231,45,COURSE045
301,45,COURSE045
63,45,COURSE045
242,45,COURSE045
221,45,COURSE045
283,45,COURSE045
136,45,COURSE045
338,45,COURSE045
380,45,COURSE045
374,45,COURSE045
51,45,COURSE045
385,45,COURSE045
305,45,COURSE045
495,45,COURSE045
86,45,COURSE045
124,45,COURSE045
325,45,COURSE045
20,45,COURSE045
429,45,COURSE045
16,45,COURSE045
489,45,COURSE045
173,45,COURSE045
321,45,COURSE045
131,45,COURSE045
318,45,COURSE045
399,45,COURSE045
183,45,COURSE045
54,45,COURSE045
287,45,COURSE045
410,45,COURSE045
323,45,COURSE045
53,45,COURSE045
206,45,COURSE045
189,45,COURSE045
356,45,COURSE045
478,45,COURSE045
250,45,COURSE045
393,45,COURSE045
144,45,COURSE045
92,45,COURSE045
125,45,COURSE045
199,45,COURSE045
267,45,COURSE045
296,45,COURSE045
5,45,COURSE045
320,45,COURSE045
45,45,COURSE045
476,45,COURSE045
359,45,COURSE045
249,45,COURSE045
469,45,COURSE045
334,45,COURSE045
443,45,COURSE045
137,45,COURSE045
237,45,COURSE045
82,45,COURSE045
487,45,COURSE045
158,45,COURSE045
435,45,COURSE045
453,45,COURSE045
234,45,COURSE045
388,45,COURSE045
496,45,COURSE045
36,46,COURSE046
296,46,COURSE046
347,46,COURSE046
172,46,COURSE046
243,46,COURSE046
214,46,COURSE046
288,46,COURSE046
346,46,COURSE046
126,46,COURSE046
94,46,COURSE046
308,46,COURSE046
427,46,COURSE046
200,46,COURSE046
174,46,COURSE046
367,46,COURSE046
147,46,COURSE046
475,46,COURSE046
464,46,COURSE046
54,46,COURSE046
130,46,COURSE046
394,46,COURSE046
18,46,COURSE046
266,46,COURSE046
100,46,COURSE046
63,46,COURSE046
302,46,COURSE046
82,46,COURSE046
86,46,COURSE046
270,46,COURSE046
123,46,COURSE046
217,46,COURSE046
334,46,COURSE046
202,46,COURSE046
209,46,COURSE046
362,46,COURSE046
224,46,COURSE046
127,46,COURSE046
363,46,COURSE046
69,46,COURSE046
488,46,COURSE046
439,46,COURSE046
33,46,COURSE046
303,46,COURSE046
59,46,COURSE046
382,46,COURSE046
401,46,COURSE046
242,46,COURSE046
333,46,COURSE046
387,46,COURSE046
73,46,COURSE046
406,46,COURSE046
495,46,COURSE046
438,46,COURSE046
141,46,COURSE046
250,46,COURSE046
128,46,COURSE046
269,46,COURSE046
176,46,COURSE046
211,46,COURSE046
8,46,COURSE046
409,46,COURSE046
460,46,COURSE046
311,46,COURSE046
175,46,COURSE046
282,46,COURSE046
281,46,COURSE046
31,46,COURSE046
374,46,COURSE046
340,46,COURSE046
355,46,COURSE046
198,46,COURSE046
53,47,COURSE047
387,47,COURSE047
482,47,COURSE047
12,47,COURSE047
445,47,COURSE047
146,47,COURSE047
220,47,COURSE047
433,47,COURSE047
278,47,COURSE047
28,47,COURSE047
15,47,COURSE047
224,47,COURSE047
51,47,COURSE047
454,47,COURSE047
83,47,COURSE047
103,47,COURSE047
64,47,COURSE047
242,47,COURSE047
178,47,COURSE047
476,47,COURSE047
383,47,COURSE047
431,47,COURSE047
19,47,COURSE047
449,47,COURSE047
202,47,COURSE047
264,47,COURSE047
407,47,COURSE047
428,47,COURSE047
45,47,COURSE047
280,47,COURSE047
113,47,COURSE047
320,47,COURSE047
111,47,COURSE047
299,47,COURSE047
89,47,COURSE047
192,47,COURSE047
37,47,COURSE047
315,47,COURSE047
398,47,COURSE047
337,47,COURSE047
97,47,COURSE047
427,47,COURSE047
421,47,COURSE047
18,47,COURSE047
334,47,COURSE047
169,47,COURSE047
307,47,COURSE047
245,47,COURSE047
85,47,COURSE047
393,47,COURSE047
269,47,COURSE047
351,47,COURSE047
486,47,COURSE047
115,47,COURSE047
36,47,COURSE047
465,47,COURSE047
114,47,COURSE047
171,47,COURSE047
157,47,COURSE047
300,47,COURSE047
306,47,COURSE047
331,47,COURSE047
170,47,COURSE047
222,47,COURSE047
212,47,COURSE047
106,48,COURSE048
208,48,COURSE048
303,48,COURSE048
166,48,COURSE048
282,48,COURSE048
178,48,COURSE048
454,48,COURSE048
203,48,COURSE048
462,48,COURSE048
83,48,COURSE048
257,48,COURSE048
279,48,COURSE048
85,48,COURSE048
155,48,COURSE048
398,48,COURSE048
498,48,COURSE048
381,48,COURSE048
136,48,COURSE048
392,48,COURSE048
448,48,COURSE048
309,48,COURSE048
10,48,COURSE048
149,48,COURSE048
41,48,COURSE048
73,48,COURSE048
358,48,COURSE048
43,48,COURSE048
465,48,COURSE048
201,48,COURSE048
329,48,COURSE048
286,48,COURSE048
175,48,COURSE048
440,48,COURSE048
124,48,COURSE048
469,48,COURSE048
108,48,COURSE048
130,48,COURSE048
400,48,COURSE048
147,48,COURSE048
58,48,COURSE048
152,48,COURSE048
222,48,COURSE048
427,48,COURSE048
311,48,COURSE048
357,48,COURSE048
63,48,COURSE048
354,48,COURSE048
242,48,COURSE048
126,48,COURSE048
416,48,COURSE048
71,48,COURSE048
482,48,COURSE048
176,48,COURSE048
197,48,COURSE048
123,48,COURSE048
367,48,COURSE048
77,48,COURSE048
283,48,COURSE048
81,48,COURSE048
262,48,COURSE048
0,48,COURSE048
33,48,COURSE048
324,48,COURSE048
15,48,COURSE048
434,48,COURSE048
46,48,COURSE048
372,48,COURSE048
129,48,COURSE048
404,48,COURSE048
182,48,COURSE048
228,48,COURSE048
337,48,COURSE048
453,48,COURSE048
262,49,COURSE049
9,49,COURSE049
165,49,COURSE049
356,49,COURSE049
221,49,COURSE049
431,49,COURSE049
188,49,COURSE049
218,49,COURSE049
314,49,COURSE049
410,49,COURSE049
65,49,COURSE049
361,49,COURSE049
282,49,COURSE049
227,49,COURSE049
455,49,COURSE049
490,49,COURSE049
270,49,COURSE049
380,49,COURSE049
427,49,COURSE049
369,49,COURSE049
197,49,COURSE049
466,49,COURSE049
74,49,COURSE049
277,49,COURSE049
378,49,COURSE049
480,49,COURSE049
132,49,COURSE049
374,49,COURSE049
143,49,COURSE049
370,49,COURSE049
172,49,COURSE049
166,49,COURSE049
187,49,COURSE049
203,49,COURSE049
396,49,COURSE049
446,49,COURSE049
253,49,COURSE049
494,49,COURSE049
73,49,COURSE049
384,49,COURSE049
327,49,COURSE049
201,49,COURSE049
470,49,COURSE049
458,49,COURSE049
44,49,COURSE049
41,49,COURSE049
34,49,COURSE049
